id;titel;jaar;taal;looptijd;genre;directeur;acteurs;plot
1;12 Angry Men;1957;"[""Engels""]";96;"[""misdaad"", ""drama""]";Sidney Lumet;Martin Balsam, John Fiedler, Lee J. Cobb & E.G. Marshall;Een standvastige jury probeert een gerechtelijke dwaling te voorkomen door zijn collega's te dwingen het bewijsmateriaal te heroverwegen.
2;365 dni;2020;"[""Pools"", ""Engels"", ""Italiaans""]";114;"[""drama"", ""romantisch""]";Barbara Bia?ow?s & Tomasz Mandes;Anna-Maria Sieklucka, Michele Morrone, Bronislaw Wrocclawski, Otar Saralidze, Magdalena Lamparska & Natasza Urba?ska  ;Massimo Torricelli is een jonge Siciliaanse maffiabaas die aan het hoofd van de familie komt te staan als zijn vader wordt geliquideerd. Laura is een employé van een luxueus hotel in oorlogschau die op vakantie is in Sicilië. Op het Italiaanse eiland komen ze elkaar tegen. Voor Massimo is Laura de vrouw over wie hij altijd gedroomd heeft. Hij laat haar kidnappen, sluit haar op in een luxueus kasteel en geeft haar 365 dagen de tijd om van hem te gaan houden.
3;6 underground;2019;"[""Engels""]";128;"[""actie"", ""thriller""]";Michael Bay;Ryan Reynolds, Mélanie Laurent, Corey Hawkins, Adria Arjona, Manuel Garcia-Rulfo, Ben Hardy, Lior Raz, Payman Maadi, Yuri Kolokolnikov, Kim Kold & Dave Franco  ;Er worden zes getalenteerde mensen geselecteerd die hun dood in scène zetten. Zij vormen een elite-eenheid rond een mysterieuze leider en hebben tot doel de toekomst te verbeteren.
4;A California Christmas: City Lights;2021;"[""Engels""]";90;"[""komedie"", ""drama"", ""romantisch""]";Shaun Piccinino;Lauren Swickard, Josh Swickard & Amanda Detmer;"Vervolg op ""A California Christmas"". Callie en Joseph zijn een jaar een stel geworden en runnen nu een melkveebedrijf en wijnmakerij. Hun romantisch wordt bedreigd wanneer zakelijke en familiale verplichtingen Joseph terugroepen naar de stad. Kan hun bruiloft waar ze zo naar uitkijken nog doorgaan? "
5;A Separation;2011;"[""Perzisch""]";123;"[""drama"", ""mystery""]";Asghar Farhadi;Peyman Moaadi, Leila Hatami, Sareh Bayat & Shahab Hosseini;Een getrouwd stel staat voor een moeilijke beslissing - om het leven van hun kind te verbeteren door naar een ander land te verhuizen of in Iran te blijven en voor een verslechterende ouder met de ziekte van Alzheimer te zorgen.
6;Achtste-groepers huilen niet;2012;"[""Nederlands""]";99;"[""drama"", ""familie"", ""sport""]";Dennis Bots;Hanna Obbeek, Nils Verkooijen & Fiona Livingston;Achtste Groepers Huilen Niet' vertelt het verhaal van de levenslustige Akkie (Hanna Obbeek) die wild is van voetbal, ook al vindt klasgenoot Joep dat voetballen geen meidensport is. Akkie laat zich niet op haar kop zitten en met humor gaat ze tegen zijn pesterijen in. Wanneer ze leukemie krijgt, behoudt Akkie haar optimisme en energie. De hele klas van juf Ina leeft met haar mee en zelfs vanuit het ziekenhuis blijft Akkie zich met het schoolvoetbaltoernooi bemoeien. Als ze zo achteruit gaat dat ze onmogelijk aan het toernooi mee kan doen, bedenkt de stoere Joep een heel bijzonder plan.
7;Alice in Wonderland;2010;"[""Engels""]";108;"[""avontuur"", ""familie"", ""fantasy""]";Tim Burton;Johnny Depp, Mia Wasikowska, Helena Bonham Carter & Anne Hathaway;De negentienjarige Alice keert terug naar de magische wereld van haar jeugdavontuur, waar ze herenigd wordt met haar oude vrienden en haar oorloge bestemming leert kennen: een einde maken aan het schrikbewind van de Rode Koningin.
8;Alive;1993;"[""Engels""]";120;"[""avontuur"", ""biografie"", ""drama""]";Frank Marshall;Ethan Hawke, Vincent Spano, Josh Hamilton & Bruce Ramsay;Uruguayaans rugbyteam gestrand in de besneeuwde Andes wordt gedwongen wanhopige maatregelen te nemen om te overleven na een vliegtuigcrash.
9;All Quiet on the Western Front;1930;"[""Engels""]";136;"[""drama"", ""oorlog""]";Lewis Milestone;Louis Wolheim, Lew Ayres, John Wray & Arnold Lucy;Een jonge soldaat wordt geconfronteerd met diepe desillusie in de zielvernietigende horror van de Eerste Wereldoorlog.
10;American Beauty;1999;"[""Engels""]";122;"[""drama"", ""romantisch""]";Sam Mendes;Kevin Spacey, Annette Bening, Thora Birch & Wes Bentley;Een seksueel gefrustreerde vader in een buitenwijk heeft een midlifecrisis nadat hij verliefd is geworden op de beste vriend van zijn dochter.
11;American Gangster;2007;"[""Engels""]";157;"[""biografie"", ""misdaad"", ""drama""]";Ridley Scott;Denzel Washington, Russell Crowe, Chiwetel Ejiofor & Josh Brolin;In het Amerika van de jaren 70 werkt een detective aan de ondergang van het drugsimperium van Frank Lucas, een heroïnekoningin uit Manhattan, die de drug vanuit het Verre Oosten het land in smokkelt.
12;American historisch X;1998;"[""Engels""]";119;"[""misdaad"", ""drama""]";Tony Kaye;Edoorlogd Norton, Edoorlogd Furlong, Beverly D'Angelo & Jennifer Lien;Een voormalige neo-nazi skinhead probeert te voorkomen dat zijn jongere broer hetzelfde verkeerde pad bewandelt als hij.
13;Apocalypto;2006;"[""Yucateeks Maya""]";139;"[""actie"", ""avontuur"", ""drama"", ""mystery""]";Mel Gibson;Rudy Youngblood, Dalia Hernández, Jonathan Brewer & Morris Birdyellowhead;Terwijl het Maya-koninkrijk met zijn ondergang wordt geconfronteerd, houden de heersers vol dat de sleutel tot welvaart is om meer tempels te bouwen en mensenoffers te brengen. Jaguar Paw, een jonge man die als offer wordt gevangengenomen, vlucht om zijn lot te ontlopen.
14;Beetlejuice;1988;"[""Engels""]";92;"[""komedie"", ""fantasy""]";Tim Burton;Alec Baldwin, Geena Davis, Annie McEnroe & Maurice Page;"Een paar onlangs overleden geesten nemen de hulp in van een ""bio-exorcist"" om de irritante nieuwe eigenaren van hun huis te verwijderen."
15;Before Midnight;2013;"[""Engels"", ""Grieks"", ""Frans""]";109;"[""drama"", ""romantisch""]";Richard Linklater;Ethan Hawke, Julie Delpy, Seamus Davey-Fitzpatrick & Jennifer Prior;Negen jaar later ontmoeten we Jesse en Celine in Griekenland. Er zijn bijna twee decennia verstreken sinds hun eerste ontmoeting in die trein naar Wenen.
16;Before Sunrise;1995;"[""Engels""]";105;"[""drama"", ""romantisch""]";Richard Linklater;Ethan Hawke, Julie Delpy, Andrea Eckert & Hanno Pöschl;Een jonge man en vrouw ontmoeten elkaar in een trein in Europa en brengen samen een avond door in Wenen. Helaas weten ze allebei dat dit waarschijnlijk hun enige nacht samen zal zijn.
17;Before Sunset;2004;"[""Engels""]";80;"[""drama"", ""romantisch""]";Richard Linklater;Ethan Hawke, Julie Delpy, Vernon Dobtcheff & Louise Lemoine Torrès;Negen jaar nadat Jesse en Celine elkaar voor het eerst ontmoetten, ontmoeten ze elkaar weer tijdens het Franse deel van Jesse's boekentour.
18;Big Nothing;2006;"[""Engels""]";86;"[""komedie"", ""misdaad"", ""thriller""]";Jean-Baptiste Andrea;David Schwimmer, Simon Pegg, Alice Eve & Natascha McElhone;Een gefrustreerde, werkloze leraar bundelt de krachten met een oplichter en zijn vriendin in een chantageplan.
19;Birdman or (The Unexpected Virtue of Ignorance);2014;"[""Engels""]";119;"[""komedie"", ""drama"", ""romantisch""]";Alejandro G. Iñárritu;Michael Keaton, Emma Stone, Kenny Chin & Jamahl Garrison-Lowe;Geïllustreerd aan de hand van de voortgang van zijn nieuwste Broadway-toneelstuk, wordt een voormalige populaire acteur getoond die worstelt om zijn huidige leven als een verspilde acteur het hoofd te bieden.
20;Black Swan;2010;"[""Engels""]";108;"[""drama"", ""thriller"", ""sport""]";Darren Aronofsky;Natalie Portman, Mila Kunis, Vincent Cassel & Barbara Hershey;Een toegewijde danseres wint de hoofdrol in een productie van Tsjaikovski's 'Zwanenmeer', maar merkt dat ze worstelt om haar verstand te behouden.
21;Boyhood;2014;"[""Engels""]";165;"[""drama""]";Richard Linklater;Ellar Coltrane, Patricia Arquette, Elijah Smith & Lorelei Linklater;Het leven van Mason, van zijn vroege kinderjaren tot zijn aankomst op de universiteit.
22;Calvary;2014;"[""Engels""]";102;"[""komedie"", ""drama""]";John Michael McDonagh;Brendan Gleeson, Chris O'Dowd, Kelly Reilly & Aidan Gillen;Nadat hij tijdens een biecht wordt bedreigd, moet een goedaardige priester het opnemen tegen de duistere krachten die om hem heen komen.
23;Casablanca;1942;"[""Engels""]";102;"[""drama"", ""romantisch"", ""oorlog""]";Michael Curtiz;Humphrey Bogart, Ingrid Bergman, Paul Henreid & Claude Rains;In december 1941 in Casablanca, Marokko, ontmoet een cynische Amerikaanse expat een voormalige minnaar, met onvoorziene complicaties.
24;Casino;1995;"[""Engels""]";178;"[""biografie"", ""misdaad"", ""drama""]";Martin Scorsese;Robert De Niro, Sharon Stone, Joe Pesci & James Woods;Hebzucht, bedrog, geld, macht en moord vinden plaats tussen twee beste vrienden, een maffia-onderbaas en een casino-eigenaar, voor een trofeevrouw over een gokimperium.
25;Casino Royale;2006;"[""Engels""]";144;"[""actie"", ""avontuur"", ""thriller""]";Martin Campbell;Daniel Craig, Eva Green, Mads Mikkelsen & Judi Dench;Gewapend met een licentie om te doden, gaat geheim agent James Bond op zijn eerste missie als 007 en moet hij een wapenhandelaar verslaan in een pokerspel met hoge inzetten bij Casino Royale, maar de dingen zijn niet wat ze lijken.
26;Catch Me If You Can;2002;"[""Engels""]";141;"[""biografie"", ""misdaad"", ""drama""]";Steven Spielberg;Leonardo DiCaprio, Tom Hanks, Christopher Walken & Martin Sheen;Het waargebeurde verhaal van Frank Abagnale Jr. die voor zijn 19e verjaardag met succes miljoenen dollars aan cheques verduisterde als Pan Am-piloot, arts en gerechtsdeurwaarder.
27;Chasing Amy;1997;"[""Engels""]";113;"[""komedie"", ""drama"", ""romantisch""]";Kevin Smith;Ethan Suplee, Ben Affleck, Scott Mosier & Jason Lee;Holden en Banky zijn striptekenaars. Alles gaat goed met hen totdat ze Alyssa ontmoeten, ook een striptekenaar. Holden valt voor haar, maar zijn hoop wordt verpletterd als hij ontdekt dat ze homo is.
28;Chernobyl 1986;2021;"[""Russisch""]";136;"[""drama"", ""historisch"", ""romantisch""]";Danila Kozlovsky;Danila Kozlovsky, Oksana Akinshina, Filipp Avdeyev, Ravshana Kurkova & Nikolay Kozak  ;Tsjernobyl, 1986. Na een mislukte veiligheidstest in een kerncentrale ontstaat er een explosie met rampzalige gevolgen. Alexey, een brandweerman, gaat op een gevaarlijke missie om water af te voeren uit een reservoir onder de brandende kernreactor. Hij doet dit samen met ingenieur Valery en de militaire duiker Boris. Er is geen tijd voor een goede planning en het water dat ze moeten trotseren wordt met het uur heter. Om een nog grotere ramp te voorkomen zijn de drie mannen bereid hun eigen leven op te offeren. 
29;Chinatown;1974;"[""Engels""]";130;"[""drama"", ""mystery"", ""thriller""]";Roman Polanski;Jack Nicholson, Faye Dunaway, John Huston & Perry Lopez;Een privédetective die is ingehuurd om een overspelige te ontmaskeren, komt terecht in een web van bedrog, corruptie en moord.
30;Chocolat;2000;"[""Engels"", ""Frans""]";121;"[""drama"", ""romantisch""]";Lasse Hallström;Alfred Molina, Carrie-Anne Moss, Aurelien Parent Koenig & Antonio Gil;Een vrouw en haar dochter openen een chocolaterie in een klein Frans dorpje dat de rigide moraal van de gemeenschap door elkaar schudt.
31;City of God;2002;"[""Portugees""]";130;"[""misdaad"", ""drama"", ""historisch""]";Fernando Meirelles & Kátia Lund;Alexandre Rodrigues, Leandro Firmino, Phellipe Haagensen & Douglas Silva;Twee jongens die opgroeien in een gewelddadige wijk van Rio de Janeiro nemen verschillende wegen: de een wordt fotograaf, de ander drugsdealer.
32;Cloud Atlas;2012;"[""Engels""]";172;"[""drama"", ""sciencefiction""]";Tom Tykwer, Lana Wachowski & Lilly Wachowski;Tom Hanks, Halle Berry, Jim Broadbent & Hugo Weaving;Een verkenning van hoe de acties van individuele levens elkaar beïnvloeden in het verleden, het heden en de toekomst, terwijl een ziel wordt gevormd van een moordenaar in een held, en een daad van vriendelijkheid golft door de eeuwen heen om een revolutie te inspireren.
33;Corpse Bride;2005;"[""Engels""]";77;"[""animatie"", ""drama"", ""familie"", ""sciencefiction""]";Tim Burton & Mike Johnson;Johnny Depp, Helena Bonham Carter, Emily Watson & Tracey Ullman;Wanneer een verlegen bruidegom zijn huwelijksgeloften praktiseert in de onopzettelijke aanwezigheid van een overleden jonge vrouw, staat ze op uit het graf in de veronderstelling dat hij met haar getrouwd is.
34;Crash;2004;"[""Engels""]";112;"[""misdaad"", ""drama"", ""thriller""]";Paul Haggis;Karina Arroyave, Dato Bakhtadze, Sandra Bullock & Don Cheadle;Los Angeles-burgers met enorm gescheiden levens komen samen in verweven verhalen over ras, verlies en verlossing.
35;Crocodile Dundee;1986;"[""Engels""]";97;"[""avontuur"", ""komedie"", ""drama""]";Peter Faiman;Paul Hogan, Linda Kozlowski, John Meillon & David Gulpilil;Een Amerikaanse verslaggever gaat naar de Australische outback om een excentrieke krokodillenstroper te ontmoeten en nodigt hem uit in New York City.
36;Dallas Buyers Club;2013;"[""Engels""]";117;"[""biografie"", ""drama""]";Jean-Marc Vallée;Matthew McConaughey, Jennifer Garner, Jared Leto & Denis O'Hare;In 1985 werkt Dallas, elektricien en oplichter Ron Woodroof rond het systeem om AIDS-patiënten te helpen de medicatie te krijgen die ze nodig hebben nadat hij de diagnose van de ziekte heeft gekregen.
37;Das Boot;1981;"[""Duits""]";149;"[""avontuur"", ""drama"", ""thriller""]";Wolfgang Petersen;Jürgen Prochnow, Herbert Grönemeyer, Klaus Wennemann & Hubertus Bengsch;"De claustrofobische wereld van een Duitse U-boot uit de Tweede Wereldoorlog; verveling, vuiligheid en pure angst."
38;De slag om schelde;2021;"[""Nederlands""]";124;"[""oorlog"", ""drama""]";Matthijs van Heijningen jr.;Gijs Blom, Jamie Flatters & Susan Radder;Op het Zeeuwse Walcheren vechten in 1944 tienduizenden geallieerden en Duitsers tegen elkaar. De wegen van een Nederlandse jongen die voor de Duitsers vecht, een verdwaalde Engelse gliderpiloot en een tegen wil en dank in het verzet betrokken Zeeuws meisje kruisen elkaar.
39;Despicable Me;2010;"[""Engels""]";95;"[""animatie"", ""avontuur"", ""komedie""]";Pierre Coffin & Chris Renaud;Steve Carell, Jason Segel, Russell Brand & Julie Andrews;Wanneer een crimineel meesterbrein een drietal weesmeisjes als pionnen voor een groots plan gebruikt, ontdekt hij dat hun liefde hem diepgaand ten goede verandert.
40;Despicable Me 2;2013;"[""Engels""]";98;"[""animatie"", ""avontuur"", ""komedie""]";Pierre Coffin & Chris Renaud;Steve Carell, Kristen Wiig, Benjamin Bratt & Miranda Cosgrove;Wanneer Gru, 's werelds meest superslechte supervader is gerekruteerd door een team van officials om dodelijke spierballen en een groot aantal Gru's eigen te stoppen, moet hij terugvechten met nieuwe gadgets, auto's en meer minion-gekte.
41;Django Unchained;2012;"[""Engels""]";165;"[""drama"", ""western""]";Quentin Tarantino;Jamie Foxx, Christoph Waltz, Leonardo DiCaprio & Kerry Washington;Met de hulp van een Duitse premiejager gaat een bevrijde slaaf op pad om zijn vrouw te redden van een meedogenloze plantage-eigenaar in Mississippi.
42;Downfall;2004;"[""Duits""]";156;"[""biografie"", ""drama"", ""historisch""]";Oliver Hirschbiegel;Bruno Ganz, Alexandra Maria Lara, Corinna Harfouch & Ulrich Matthes;Traudl Junge, de laatste secretaris van Adolf Hitler, vertelt over de laatste dagen van de nazi-dictator in zijn Berlijnse bunker aan het einde van de Tweede Wereldoorlog.
43;Ex Machina;2015;"[""Engels""]";108;"[""drama"", ""mystery""]";Alex Garland;Domhnall Gleeson, Corey Johnson, Oscar Isaac & Alicia Vikander;Een jonge programmeur wordt geselecteerd om deel te nemen aan een baanbrekend experiment in synthetische intelligentie door de menselijke kwaliteiten van een adembenemende humanoïde A.I.
44;Flight;2012;"[""Engels""]";138;"[""drama"", ""thriller""]";Robert Zemeckis;Nadine Velazquez, Denzel Washington, Carter Cabassa & Adam C. Edoorlogds;Een piloot van een luchtvaartmaatschappij redt bijna al zijn passagiers op zijn defecte vliegtuig dat uiteindelijk neerstortte, maar een onderzoek naar het ongeval brengt iets verontrustends aan het licht.
45;Forrest Gump;1994;"[""Engels""]";142;"[""komedie"", ""drama""]";Robert Zemeckis;Tom Hanks, Rebecca Williams, Sally Field & Michael Conner Humphreys;Forrest Gump, hoewel niet intelligent, is per ongeluk aanwezig geweest op vele historische momenten, maar zijn oorloge liefde, Jenny Curran, ontgaat hem.
46;Frida;2002;"[""Engels""]";123;"[""biografie"", ""drama"", ""romantisch""]";Julie Taymor;Salma Hayek, Mía Maestro, Alfred Molina & Antonio Banderas;Een biografie van kunstenaar Frida Kahlo, die de pijn van een verlammende verwonding en haar stormachtige huwelijk in haar werk kanaliseert.
47;Gandhi;1982;"[""Engels""]";191;"[""biografie"", ""drama""]";Richard Attenborough;Ben Kingsley, Candice Bergen, Edoorlogd Fox & John Gielgud;Gandhi's karakter wordt volledig uitgelegd als een man van geweldloosheid. Door zijn geduld is hij in staat de Britten uit het subcontinent te verdrijven. En het koppige karakter van Jinnah en zijn inzet voor Pakistan wordt in beeld gebracht.
48;Gattaca;1997;"[""Engels""]";106;"[""drama"", ""sciencefiction"", ""thriller""]";Andrew Niccol;Ethan Hawke, Uma Thurman, Gore Vidal & Xander Berkeley;Een genetisch inferieure man neemt de identiteit aan van een superieure om zijn levenslange droom van ruimtereizen na te jagen.
49;God Bless America;2011;"[""Engels""]";105;"[""komedie"", ""misdaad""]";Bobcat Goldthwait;Joel Murray, Tara Lynne Barr, Melinda Page Hamilton & Mackenzie Brooke Smith;Op een missie om de samenleving te ontdoen van haar meest weerzinwekkende burgers, maakt de terminaal zieke Frank een onwaarschijnlijke handlanger in de 16-jarige Roxy.
50;Gran Torino;2008;"[""Engels"", ""Hmong""]";116;"[""drama""]";Clint Eastwood;Clint Eastwood, Christopher Carley, Bee Vang & Ahney Her;De ontevreden Koreaanse oorlogsveteraan Walt Kowalski wil zijn buurman hervormen, een Hmong-tiener die Kowalski's kostbare bezit probeerde te stelen: een Gran Torino uit 1972.
51;Hellboy II: The Golden Army;2008;"[""Engels""]";120;"[""actie"", ""avontuur"", ""fantasy""]";Guillermo del Toro;Ron Perlman, Selma Blair, Doug Jones & John Alexander;De mythische wereld begint een opstand tegen de mensheid om de aarde te regeren, dus Hellboy en zijn team moeten de wereld redden van de opstandige wezens.
52;Hotel Rwanda;2004;"[""Engels"", ""Frans""]";121;"[""drama"", ""historisch"", ""oorlog""]";Terry George;Xolani Mali, Don Cheadle, Desmond Dube & Hakeem Kae-Kazim;Paul Rusesabagina was een hotelmanager die meer dan duizend Tutsi-vluchtelingen huisvestte tijdens hun strijd tegen de Hutu-milities in Rwanda.
53;Ice Age;2002;"[""Engels""]";81;"[""animatie"", ""avontuur"", ""komedie""]";Chris Wedge & Carlos Saldanha;Ray Romano, John Leguizamo, Denis Leary & Goran Visnjic;Tijdens de ijstijd vinden een sabeltandtijger, een luiaard en een wolharige mammoet een verloren mensenkind en ze proberen hem terug te brengen naar zijn stam.
54;Inception;2010;"[""Engels""]";148;"[""actie"", ""avontuur"", ""sciencefiction""]";Christopher Nolan;Leonardo DiCaprio, Joseph Gordon-Levitt, Ellen Page & Tom Hardy;Een dief die bedrijfsgeheimen steelt door gebruik te maken van technologie voor het delen van dromen, krijgt de omgekeerde taak om een idee in de geest van een CEO te planten.
55;Indochine;1992;"[""Vietnamees"", ""Frans""]";159;"[""drama"", ""romantisch""]";Régis oorloggnier;Catherine Deneuve, Vincent Perez, Linh Dan Pham & Jean Yanne;Indochine is een Franse film uit 1992. De film is een liefdes-dramaverhaal dat zich afspeelt in Frans-Indochina. Het speelt zich af tegen de achtergrond van Vietnamese onafhankelijkheidsstrijd, van de Yen Bai-muiterij in 1927 tot aan de onafhankelijkheid van Vietnam in 1957.
56;Interstellar;2014;"[""Engels""]";169;"[""avontuur"", ""drama"", ""sciencefiction""]";Christopher Nolan;Ellen Burstyn, Matthew McConaughey, Mackenzie Foy & John Lithgow;Een team van ontdekkingsreizigers reist door een wormgat in de ruimte in een poging het voortbestaan van de mensheid te verzekeren.
57;I-See-You.Com;2006;"[""Engels""]";92;"[""komedie""]";Eric Steven Stahl;Beau Bridges, Rosanna Arquette, Mathew Botuchis & Shiri Appleby;Een 17-jarige jongen koopt minicamera's en toont de beelden online op I-see-you.com. Het geld komt binnen als de site een grote hit wordt. Iedereen lijkt plezier te hebben totdat alles instort....
58;It;2017;"[""Engels""]";136;"[""horror""]";Andy Muschietti;Jaeden Lieberher, Bill Skarsgård, Jeremy Ray Taylor, Sophia Lillis, Finn Wolfhard, Chosen Jacobs, Jack Dylan Grazer & Wyatt Oleff;Zomer 1989. 'It' volgt een groep kinderen, beter bekend als de 'Losers club', in het kleine stadje Derry, Maine. Op een dag wordt het stadje geterroriseerd door het bloeddorstigste monster It dat het op de kinderen voorzien heeft. Dit monster, dat de vorm van een clown genaamd Pennywise aanneemt, komt lijnrecht tegenover het groepje kinderen te staan dat er alles aan zal moeten doen om het te verdrijven.
59;Kiss Kiss Bang Bang;2005;"[""Engels""]";103;"[""komedie"", ""misdaad"", ""mystery""]";Shane Black;Robert Downey Jr., Val Kilmer, Michelle Monaghan & Corbin Bernsen;Een moordmysterie brengt een privédetective, een worstelende actrice en een dief die zich voordoet als acteur samen.
60;L.A. Confidential;1997;"[""Engels""]";138;"[""misdaad"", ""drama"", ""mystery""]";Curtis Hanson;Kevin Spacey, Russell Crowe, Guy Pearce & James Cromwell;Terwijl de corruptie in LA in de jaren vijftig toeneemt, onderzoeken drie politieagenten - de een streng, de ander brutaal en de ander slonzig - een reeks moorden met hun eigen soort gerechtigheid.
61;Les Misérables;2012;"[""Engels""]";158;"[""drama"", ""muziekal"", ""romantisch""]";Tom Hooper;Hugh Jackman, Russell Crowe, Anne Hathaway & Amanda Seyfried;In het 19e-eeuwse Frankrijk stemt Jean Valjean, die al tientallen jaren wordt achtervolgd door de meedogenloze politieman Javert na het breken van zijn voorwaardelijke vrijlating, ermee in om voor de dochter van een fabrieksarbeider te zorgen. De beslissing verandert hun leven voor altijd.
62;Lock, Stock and Two Smoking Barrels;1998;"[""Engels""]";107;"[""komedie"", ""misdaad""]";Guy Ritchie;Jason Flemyng, Dexter Fletcher, Nick Moran & Jason Statham;Een mislukt kaartspel in Londen zorgt ervoor dat vier vrienden, misdadigers, onkruidkwekers, harde gangsters, woekeraars en schuldinzamelaars met elkaar in botsing komen in een reeks onverwachte gebeurtenissen, allemaal omwille van wiet, geld en twee antieke jachtgeweren.
63;Looper;2012;"[""Engels"", ""Mandarijn""]";119;"[""actie"", ""misdaad"", ""drama"", ""romantisch""]";Rian Johnson;Joseph Gordon-Levitt, Bruce Willis, Emily Blunt & Paul Dano;In 2074, wanneer de menigte van iemand af wil, wordt het doelwit naar het verleden gestuurd, waar een huurmoordenaar wacht - iemand als Joe - die op een dag ontdekt dat de menigte 'de cirkel wil sluiten' door Joe's toekomstige zelf terug te sturen voor moord.
64;Lost in Translation;2003;"[""Engels""]";101;"[""drama""]";Sofia Coppola;Scarlett Johansson, Bill Murray, Akiko Takeshita & Kazuyoshi Minamimagoe;Een vervaagde filmster en een verwaarloosde jonge vrouw vormen een onwaarschijnlijke band na het kruisen van paden in Tokio.
65;Lucky Number Slevin;2006;"[""Engels""]";110;"[""misdaad"", ""drama"", ""mystery""]";Paul McGuigan;Josh Hartnett, Bruce Willis, Lucy Liu & Morgan Freeman;Een geval van verkeerde identiteit brengt Slevin in het midden van een oorlog die wordt beraamd door twee van de meest rivaliserende misdaadbazen van de stad: The Rabbi en The Boss. Slevin wordt constant in de gaten gehouden door meedogenloze rechercheur Brikowski en de beruchte moordenaar Goodkat en moet zijn eigen ingenieuze complot bedenken om ze te pakken te krijgen voordat ze hem te pakken krijgen.
66;Madagascar;2005;"[""Engels""]";86;"[""animatie"", ""avontuur"", ""komedie""]";Eric Darnell & Tom McGrath;Ben Stiller, Chris Rock, David Schwimmer  & Jada Pinkett Smith;Verwend door hun opvoeding zonder enig idee hoe het leven in het wild is, ontsnappen vier dieren uit de New York Central Zoo, onbewust bijgestaan door vier onderduikende pinguïns, en bevinden ze zich in Madagaskar, tussen een stel vrolijke maki's
67;Madagascar 3: Europe's Most Wanted;2012;"[""Engels""]";93;"[""animatie"", ""avontuur"", ""komedie""]";Eric Darnell, Tom McGrath & Conrad Vernon;Ben Stiller, Chris Rock, David Schwimmer & Jada Pinkett Smith;Alex, Marty, Gloria en Melman vechten nog steeds om thuis te komen bij hun geliefde Big Apple. Hun reis voert hen door Europa waar ze de perfecte dekmantel vinden: een reizend circus, dat ze opnieuw uitvinden - in Madagaskar-stijl.
68;Madagascar: Escape 2 Africa;2008;"[""Engels""]";89;"[""animatie"", ""actie"", ""avontuur""]";Eric Darnell & Tom McGrath;Ben Stiller, Chris Rock, David Schwimmer & Jada Pinkett Smith;De dieren proberen terug te vliegen naar New York City, maar crashen op een Afrikaans natuurreservaat, waar Alex wordt herenigd met zijn ouders.
69;Mary and Max;2009;"[""Engels"", ""Yiddish""]";92;"[""animatie"", ""komedie"", ""drama""]";Adam Elliot;Toni Collette, Philip Seymour Hoffman, Barry Humphries & Eric Bana;Een verhaal over vriendschap tussen twee onwaarschijnlijke penvrienden: Mary, een eenzaam, achtjarig meisje dat in de buitenwijken van Melbourne woont, en Max, een vierenveertigjarige, zwaarlijvige man die in New York woont.
70;Match Point;2005;"[""Engels""]";119;"[""drama"", ""romantisch"", ""thriller""]";Woody Allen;Jonathan Rhys Meyers, Alexander Armstrong, Paul Kaye & Matthew Goode;Op een keerpunt in zijn leven valt een voormalige tennisprof voor een actrice die toevallig uitgaat met zijn vriend en aanstaande zwager.
71;Memento;2000;"[""Engels""]";113;"[""mystery"", ""thriller""]";Christopher Nolan;Guy Pearce, Carrie-Anne Moss, Joe Pantoliano & Mark Boone Junior;Een man jongleert op zoek naar de moordenaar van zijn vrouw en zorgt ervoor dat zijn kortetermijngeheugenverlies geen obstakel wordt.
72;Midnight Express;1978;"[""Turkish"", ""English"", ""French"", ""Maltees""]";121;"[""misdaad"", ""drama"", ""thriller""]";Alan Parker;Brad Davis, Irene Miracle, Bo Hopkins & Paolo Bonacelli;Billy Hayes, een Amerikaanse student, wordt betrapt op het smokkelen van drugs uit Turkije en in de gevangenis gegooid.
73;Midnight in Paris;2011;"[""Engels""]";94;"[""komedie"", ""fantasy"", ""romantisch""]";Woody Allen;Owen Wilson, Rachel McAdams, Kurt Fuller & Mimi Kennedy;Tijdens een reis naar Parijs met de familie van zijn verloofde, merkt een nostalgische scenarioschrijver dat hij elke dag om middernacht op mysterieuze wijze teruggaat naar de jaren twintig.
74;Moneyball;2011;"[""Engels""]";133;"[""biografie"", ""drama"", ""sport""]";Bennett Miller;Brad Pitt, Jonah Hill, Philip Seymour Hoffman & Robin Wright;De succesvolle poging van Billy Beane, algemeen directeur van Oakland A, om met een klein budget een honkbalteam samen te stellen door gebruik te maken van computergegenereerde analyses om nieuwe spelers te werven.
75;Mosul;2019;"[""Arabisch""]";101;"[""actie"", ""drama"", ""oorlog""]";Matthew Michael Carnahan;Suhail Dabbach, Adam Bessa & Is'Haq Elias;Nadat hij door het Nineveh SWAT-team wordt gered, voegt de jonge politieagent Kawa zich bij de eenheid die door majoor Jasem wordt geleid. Gezamenlijk voeren ze een persoonlijke operatie uit om hun geboortestad Mosul uit handen van IS te bevrijden.
76;Mr. & Mrs. Smith;2005;"[""Engels""]";120;"[""actie"", ""komedie"", ""misdaad""]";Doug Liman;Brad Pitt, Angelina Jolie, Vince Vaughn & Adam Brody;Een verveeld getrouwd stel is verrast om te horen dat ze allebei huurmoordenaars zijn die zijn ingehuurd door concurrerende instanties om elkaar te vermoorden.
77;München;2021;"[""Duits"", ""Engels""]";131;"[""oorlog"", ""drama""]";Christian Schwochow;Jeremy Irons, George MacKay, Jessica Brown Findlay, Sandra Hüller, August Diehl, Alex Jennings, Ulrich Matthes, Robert Bathurst, Mark Lewis Jones, Jannis Niewöhner, Liv Lisa Fries, Hannes Wegener, Tina Louise Owens, Anjli Mohindra, Nicholas Shaw & Genevieve Florence;Najaar 1938. Een Britse ambtenaar en een Duitse diplomaat ontmoeten elkaar in München en proberen oorlog in Europa te voorkomen. Gebaseerd op het boek van Robert Harris.
78;Nebraska;2013;"[""Engels""]";115;"[""avontuur"", ""komedie"", ""drama""]";Alexander Payne;Bruce Dern, Will Forte, June Squibb & Bob Odenkirk;Een ouder wordende, aan de drank verslaafde vader maakt de reis van Montana naar Nebraska met zijn vervreemde zoon om een Mega Sweepstakes Marketing-prijs van een miljoen dollar te claimen.
79;No Country for Old Men;2007;"[""Engels"", ""Spaans""]";122;"[""misdaad"", ""drama"", ""thriller"", ""actie""]";Ethan Coen & Joel Coen;Tommy Lee Jones, Javier Bardem, Josh Brolin & Woody Harrelson;Geweld en chaos ontstaan wanneer een jager struikelt over een misgelopen drugsdeal en meer dan twee miljoen dollar in contanten in de buurt van de Rio Grande.
80;North by Northwest;1959;"[""Engels""]";136;"[""actie"", ""avontuur"", ""misdaad""]";Alfred Hitchcock;Cary Grant, Eva Marie Saint, James Mason & Jessie Royce Landis;Een ongelukkige reclameman uit New York wordt door een groep buitenlandse spionnen aangezien voor een overheidsagent en door het hele land achtervolgd terwijl hij op zoek is naar een manier om te overleven.
81;Oblivion;2013;"[""Engels""]";124;"[""actie"", ""avontuur"", ""mystery""]";Joseph Kosinski;Tom Cruise, Morgan Freeman, Olga Kurylenko & Andrea Riseborough;Een veteraan die is aangewezen om de resterende hulpbronnen van de aarde te winnen, begint zich af te vragen wat hij weet over zijn missie en over zichzelf.
82;Oldboy;2003;"[""Koreaans""]";120;"[""drama"", ""mystery"", ""thriller""]";Chan-wook Park;Min-sik Choi, Ji-tae Yu, Hye-jeong Kang & Dae-han Ji;Na te zijn ontvoerd en 15 jaar gevangen gezet, wordt Oh Dae-Su vrijgelaten, maar hij ontdekt dat hij zijn ontvoerder binnen 5 dagen moet vinden.
83;Once Upon a Time in America;1984;"[""Engels""]";229;"[""misdaad"", ""drama""]";Sergio Leone;Robert De Niro, James Woods, Elizabeth McGovern & Joe Pesci;Een voormalige Joodse gangster uit het Verbodstijdperk keert meer dan dertig jaar later terug naar de Lower East Side van Manhattan, waar hij opnieuw de geesten en spijt van zijn oude leven moet confronteren.
84;One Flew Over the Cuckoo's Nest;1975;"[""Engels""]";133;"[""drama""]";Milos Forman;Michael Berryman, Peter Brocco, Dean R. Brooks & Alonzo Brown;Een crimineel pleit voor waanzin nadat hij weer in de problemen is gekomen en eenmaal in de psychiatrische inrichting rebelleert tegen de onderdrukkende verpleegster en verzamelt de bange patiënten.
85;Original Sin;2001;"[""Engels""]";116;"[""drama"", ""mystery"", ""romantisch""]";Michael Cristofer;Antonio Banderas, Angelina Jolie, Thomas Jane & Jack Thompson;Een vrouw en haar minnaar zijn van plan een rijke man te bedriegen door met hem te trouwen en zijn vertrouwen te winnen en er met al zijn geld vandoor te gaan. Alles gaat zoals gepland totdat ze echt verliefd op hem begint te worden.
86;Pacific Rim;2013;"[""Engels""]";131;"[""actie"", ""avontuur"", ""sciencefiction""]";Guillermo del Toro;Charlie Hunnam, Diego Klattenhoff, Idris Elba & Rinko Kikuchi;Terwijl een oorlog tussen de mensheid en monsterlijke zeedieren voortduurt, worden een voormalige piloot en een stagiair gekoppeld om een schijnbaar verouderd speciaal wapen te besturen in een wanhopige poging om de wereld te redden van de apocalyps.
87;Pan's Labyrinth;2006;"[""Spanish""]";118;"[""drama"", ""fantasy"", ""oorlog""]";Guillermo del Toro;Ivana Baquero, Sergi López, Maribel Verdú & Doug Jones;In het falangistische Spanje van 1944 ontsnapt de leergierige jonge stiefdochter van een sadistische legerofficier in een griezelige maar boeiende fantasiewereld.
88;Pirates of the Caribbean: At World's End;2007;"[""Engels""]";169;"[""actie"", ""avontuur"", ""fantasy""]";Gore Verbinski;Johnny Depp, Geoffrey Rush, Orlando Bloom & Keira Knightley;Kapitein Barbossa, Will Turner en Elizabeth Swann moeten van de rand van de kaart varen, door verraad en verraad navigeren, Jack Sparrow vinden en hun laatste allianties sluiten voor een laatste beslissende strijd.
89;Pirates of the Caribbean: On Stranger Tides;2011;"[""Engels""]";136;"[""actie"", ""avontuur"", ""fantasy""]";Rob Marshall;Johnny Depp, Penélope Cruz, Geoffrey Rush & Ian McShane;Jack Sparrow en Barbossa gaan op zoek naar de ongrijpbare fontein van de jeugd, maar ontdekken dat Blackbeard en zijn dochter er ook achteraan zitten.
90;Pirates of the Caribbean: The Curse of the Black Pearl;2003;"[""Engels""]";143;"[""actie"", ""avontuur"", ""fantasy""]";Gore Verbinski;Johnny Depp, Geoffrey Rush, Orlando Bloom & Keira Knightley;"Blacksmith Will Turner werkt samen met de excentrieke piraat ""Captain"" Jack Sparrow om zijn liefde, de dochter van de gouverneur, te redden van Jacks voormalige piratenbondgenoten, die nu ondood zijn."
91;Planet 51;2009;"[""Engels""]";91;"[""animatie"", ""avontuur"", ""komedie"", ""film-noir""]";Jorge Blanco, Javier Abad & Marcos Martínez;Jessica Biel, John Cleese, Gary Oldman & Dwayne Johnson;Een buitenaardse beschaving wordt binnengevallen door astronaut Chuck Baker, die gelooft dat de planeet bewoond was. Baker wordt gezocht door het leger en moet terug naar zijn schip voordat het zonder hem in een baan om de aarde gaat.
92;Psycho;1960;"[""Engels""]";109;"[""horror"", ""mystery"", ""thriller""]";Alfred Hitchcock;Anthony Perkins, Vera Miles, John Gavin & Janet Leigh;Een secretaresse uit Phoenix verduistert $ 40.000 van de klant van haar werkgever, gaat op de vlucht en checkt in in een afgelegen motel dat gerund wordt door een jonge man onder de heerschappij van zijn moeder.
93;Pulp Fiction;1994;"[""Engels""]";154;"[""misdaad"", ""drama""]";Quentin Tarantino;Tim Roth, Amanda Plummer, Laura Lovelace & John Travolta;De levens van twee maffia huurmoordenaars, een bokser, de vrouw van een gangster en een stel bandieten uit een restaurant verstrengelen zich in vier verhalen over geweld en verlossing.
94;Ratatouille;2007;"[""Engels""]";111;"[""animatie"", ""komedie"", ""familie"", ""avontuur""]";Brad Bird & Jan Pinkava;Patton Oswalt, Ian Holm, Lou Romano & Brian Dennehy;Een rat die kan koken sluit een ongebruikelijke alliantie met een jonge keukenmedewerker in een beroemd restaurant.
95;Rear Window;1954;"[""Engels""]";112;"[""mystery"", ""thriller""]";Alfred Hitchcock;James Steoorlogt, Grace Kelly, Wendell Corey & Thelma Ritter;Een rolstoelgebonden fotograaf bespioneert zijn buren vanuit het raam van zijn appartement en raakt ervan overtuigd dat een van hen een moord heeft gepleegd.
96;Requiem for a Dream;2000;"[""Engels""]";102;"[""drama""]";Darren Aronofsky;Ellen Burstyn, Jared Leto, Jennifer Connelly & Marlon Wayans;De door drugs veroorzaakte utopieën van vier mensen op Coney Island vallen uiteen als hun verslaving diep raakt.
97;Reservoir Dogs;1992;"[""Engels""]";99;"[""misdaad"", ""drama"", ""thriller""]";Quentin Tarantino;Harvey Keitel, Tim Roth, Michael Madsen & Chris Penn;Nadat een eenvoudige juwelenroof vreselijk misgaat, beginnen de overlevende criminelen te vermoeden dat een van hen een politie-informant is.
98;Scarface;1983;"[""Engels"", ""Spaans""]";170;"[""misdaad"", ""drama"", ""horror""]";Brian De Palma;Al Pacino, Steven Bauer, Michelle Pfeiffer & Mary Elizabeth Mastrantonio;In Miami in 1980 neemt een vastberaden Cubaanse immigrant een drugskartel over en bezwijkt voor hebzucht.
99;Shrek;2001;"[""Engels""]";90;"[""animatie"", ""avontuur"", ""komedie""]";Andrew Adamson & Vicky Jenson;Mike Myers, Eddie Murphy, Cameron Diaz & John Lithgow;Nadat zijn moeras is gevuld met magische wezens, stemt een boeman ermee in een prinses te redden voor een gemene heer om zijn land terug te krijgen.
100;Shrek 2;2004;"[""Engels""]";93;"[""animatie"", ""avontuur"", ""komedie""]";Andrew Adamson, Kelly Asbury & Conrad Vernon;Mike Myers, Eddie Murphy, Cameron Diaz & Julie Andrews;Prinses Fiona's ouders nodigen haar en Shrek uit voor een diner om haar huwelijk te vieren. Als ze maar wisten dat de pasgetrouwden allebei ogres oorlogen.
101;Shrek Forever After;2010;"[""Engels""]";93;"[""animatie"", ""avontuur"", ""komedie""]";Mike Mitchell;Mike Myers, Eddie Murphy, Cameron Diaz & Antonio Banderas;Repelsteeltje bedriegt een midlifecrisis die Shrek ertoe bracht zichzelf uit het bestaan te wissen en in een donkere alternatieve tijdlijn te werpen waar Rumpel de baas is.
102;Shutter Island;2010;"[""Engels""]";138;"[""mystery"", ""thriller""]";Martin Scorsese;Leonardo DiCaprio, Mark Ruffalo, Ben Kingsley & Max von Sydow;In 1954 onderzoekt een Amerikaanse marshal de verdwijning van een moordenaar die uit een ziekenhuis is ontsnapt voor criminele gestoorden.
103;Sid and Nancy;1986;"[""Engels""]";112;"[""biografie"", ""drama"", ""muziek"", ""muziekal""]";Alex Cox;Gary Oldman, Chloe Webb, David Hayman & Debby Bishop;Punkrockband Sex Pistols gaat voor het eerst op tournee in de VS. De temperamentvolle bassist Sid Vicious neemt zijn problematische vriendin Nancy mee. Hun turbulente relatie stelt het geduld van de band en manager op de proef, terwijl het koppel verder wegzakt in drugsverslaving en afhankelijkheid.
104;Silver Linings Playbook;2012;"[""Engels""]";122;"[""komedie"", ""drama"", ""romantisch""]";David O. Russell;Bradley Cooper, Jennifer Lawrence, Robert De Niro & Jacki Weaver;Na een periode in een psychiatrische inrichting trekt voormalig leraar Pat Solitano weer bij zijn ouders in en probeert hij zich te verzoenen met zijn ex-vrouw. Het wordt nog uitdagender wanneer Pat Tiffany ontmoet, een mysterieus meisje met haar eigen problemen.
105;Sin City;2005;"[""Engels""]";124;"[""misdaad"", ""thriller""]";Frank Miller, Robert Rodriguez& Quentin Tarantino;Jessica Alba, Devon Aoki, Alexis Bledel & Powers Boothe;Een film die de donkere en ellendige stad Basin City verkent en het verhaal vertelt van drie verschillende mensen, allemaal verstrikt in gewelddadige corruptie.
106;Slumdog Millionaire;2008;"[""Engels""]";120;"[""drama"", ""romantisch""]";Danny Boyle & Loveleen Tandan;Dev Patel, Saurabh Shukla, Anil Kapoor & Rajendranath Zutshi;"Een tiener uit Mumbai kijkt terug op zijn opvoeding in de sloppenwijken wanneer hij wordt beschuldigd van valsspelen in de Indiase versie van ""Who Wants to be a Millionaire?"""
107;Snatch;2000;"[""Engels""]";102;"[""komedie"", ""misdaad""]";Guy Ritchie;Benicio Del Toro, Dennis Farina, Vinnie Jones & Brad Pitt;Gewetenloze bokspromotors, gewelddadige bookmakers, een Russische gangster, incompetente amateurrovers en zogenaamd Joodse juweliers vechten om een kostbare gestolen diamant op te sporen.
108;Spiderman: No way home;2021;"[""Engels""]";148;"[""actie"", ""avontuur"", ""fantasy"", ""sciencefiction""]";Jon Watts;Tom Holland, Tobey Maguire, Andrew Garfield, Zendaya, Jacob Batalon, Marisa Tomei, Benedict Cumberbatch, Jon Favreau, Willem Dafoe, Alfred Molina, Jamie Foxx, Benedict Wong, Tony Revolori, Angourie Rice, Arian Moayed, Paula Newsome, Martin Starr, J.B. Smoove & Hannibal Buress;Nu de oorloge identiteit van Spider-Man is prijsgegeven, kan Peter zijn normale leven niet langer meer scheiden met dat van zijn rol als superheld. Hij schakelt vervolgens de hulp van Dr. Strange in om dit alles ongedaan te maken. Dit brengt echter enorme risico's met zich mee, waarbij hij gedwongen wordt te ontdekken wat werkelijk nodig is om Spider-Man te zijn.
109;Spijt!;2013;"[""Nederlands""]";95;"[""drama"", ""familie""]";Dave Schram;Robin Boissevain, Dorus Witte, Stefan Collier, Charlotte Bakker, Nils Verkooijen, Rick van Elk, Gregory Samson, Brahim Fouradi, Fabiënne Bergmans & Dave Mantel;Jochem voelt zich niet erg gelukkig in de tweede klas. Hij is het mikpunt van getreiter. David doet er niet aan mee, maar hij durft er niks van te zeggen. De klassenleraar, die gymnastiek geeft, grijpt ook niet in. Hij heeft een hekel aan dikke Jochem. Jochem lijkt zich niets aan te trekken van de pesterijen, die elke dag erger worden. Als de klas weer eens dubbel ligt, lacht hij zelf mee. Maar op een ochtend krijgen ze van de rector te horen dat Jochem na de klassenavond niet is thuisgekomen. 
110;Spirited Away;2001;"[""Japans""]";125;"[""animatie"", ""avontuur"", ""familie""]";Hayao Miyazaki;Rumi Hiiragi, Miyu Irino, Mari Natsuki & Takashi Naitô;Tijdens de verhuizing van haar familie naar de buitenwijken, dwaalt een nors 10-jarig meisje een wereld binnen die wordt geregeerd door goden, heksen en geesten, en waar mensen worden veranderd in beesten.
111;Spotlight;2015;"[""Engels""]";128;"[""biografie"", ""misdaad"", ""drama""]";Tom McCarthy;Mark Ruffalo, Michael Keaton, Rachel McAdams & Liev Schreiber;Het waargebeurde verhaal van hoe de Boston Globe het enorme schandaal van kindermishandeling en doofpotaffaire binnen het plaatselijke katholieke aartsbisdom aan het licht bracht, waardoor de hele katholieke kerk tot in haar kern werd geschokt.
112;Stardust;2007;"[""Engels""]";127;"[""avontuur"", ""familie"", ""fantasy""]";Matthew Vaughn;Ian McKellen, Bimbo Hart, Alastair MacIntosh & David Kelly;In een plattelandsstadje dat grenst aan een magisch land, belooft een jonge man zijn geliefde dat hij een gevallen ster zal terughalen door zich in het magische rijk te wagen.
113;Sunset Boulevard;1950;"[""Engels""]";110;"[""drama"", ""film-noir"", ""romantisch""]";Billy Wilder;William Holden, Gloria Swanson, Erich von Stroheim & Nancy Olson;Een hackscenarioschrijver schrijft een scenario voor een voormalige stomme filmster die in de vergetelheid van Hollywood is verdwenen.
114;Taxi Driver;1976;"[""Engels""]";113;"[""misdaad"", ""drama"", ""biografie""]";Martin Scorsese;Diahnne Abbott, Frank Adu, Victor Argo & Gino Ardito;Een mentaal onstabiele veteraan uit de Vietnam-oorlog werkt als nachtelijke taxichauffeur in New York City, waar de waargenomen decadentie en sleaze zijn drang naar gewelddadige actie voeden, terwijl hij probeert een preadolescente prostituee te redden.
115;The Artist;2011;"[""Frans"", ""Engels""]";100;"[""komedie"", ""drama"", ""romantisch""]";Michel Hazanavicius;Jean Dujardin, Bérénice Bejo, John Goodman & James Cromwell;Een stomme filmster ontmoet een jonge danseres, maar de komst van pratende beelden stuurt hun carrière in tegengestelde richtingen.
116;The Beach;2000;"[""Engels"", ""Frans"", ""Thai"", ""Zweeds""]";119;"[""avontuur"", ""drama"", ""romantisch"", ""western""]";Danny Boyle;Leonardo DiCaprio, Daniel York, Patcharawan Patarakijjanon & Virginie Ledoyen;Richard reist als twintiger naar Thailand en komt in het bezit van een vreemde kaart. Volgens geruchten leidt het naar een eenzaam strandparadijs, een tropische gelukzaligheid - opgewonden en geïntrigeerd gaat hij op zoek naar het.
117;The Big Short;2015;"[""Engels""]";130;"[""biografie"", ""komedie"", ""drama""]";Adam McKay;Ryan Gosling, Rudy Eisenzopf, Casey Groves & Charlie Talbert;Vier bewoners in de wereld van de high-finance voorspellen de ineenstorting van de krediet- en huizenzeepbel in het midden van de jaren 2000, en besluiten het op te nemen tegen de grote banken vanwege hun hebzucht en gebrek aan vooruitziendheid.
118;The Cotton Club;1984;"[""Engels""]";127;"[""misdaad"", ""drama"", ""muziek"", ""fantasy""]";Francis Ford Coppola;Richard Gere, Gregory Hines, Diane Lane & Lonette McKee;De Cotton Club was een beroemde nachtclub in Harlem. Het verhaal volgt de mensen die de club bezochten, degenen die het runnen, en is doorspekt met de jazzmuziek die het zo beroemd maakte.
119;The Deer Hunter;1978;"[""Engels"", ""Russisch"", ""Vietnamees"", ""Frans""]";183;"[""drama"", ""oorlog""]";Michael Cimino;Robert De Niro, John Cazale, John Savage & Christopher Walken;Een diepgaand onderzoek naar de manieren waarop de Amerikaanse oorlog in Vietnam de levens van mensen in een klein industriestadje in Pennsylvania beïnvloedt en ontwricht.
120;The dictator;2012;"[""Engels""]";83;"[""komedie""]";Larry Charles;Sacha Baron Cohen, Anna Faris & Ben Kingsley  ;Aladeen (Sacha Baron Cohen) is een rijke en meedogenloze dictator, die wordt gegijzeld. Hij wordt vervangen door een naïeve geitenherder, die als twee druppels water op hem lijkt. Met de hulp van Zoey, een mooie vrijgevige eigenaresse van een Zen Shop, probeert Aladeen zijn macht terug te krijgen. Hij moet koste wat het kost voorkomen dat zijn land in verkeerde handen valt.
121;The English Patient;1996;"[""Engels"", ""Duits"", ""Arabisch"", ""Italiaans""]";162;"[""drama"", ""romantisch"", ""oorlog""]";Anthony Minghella;Ralph Fiennes, Juliette Binoche, Willem Dafoe & Kristin Scott Thomas;Aan het einde van de Tweede Wereldoorlog verzorgt een jonge verpleegster een zwaar verbrand slachtoffer van een vliegtuigcrash. Zijn verleden wordt getoond in flashbacks, waaruit blijkt dat hij betrokken is bij een noodlottige liefdesaffaire.
122;the girl next door;2004;"[""Engels""]";108;"[""komedie"", ""drama"", ""romantisch""]";Luke Greenfield;Emile Hirsch, Elisha Cuthbert, Timothy Olyphant,  James Remar, Chris Marquette & Paul Dano;Matthew Kidman staat op het punt te slagen voor zijn eindexamen als hij zijn mooie nieuwe buurmeisje Danielle ontmoet. Matthew is ervan overtuigd dat hij het meisje van zijn dromen heeft gevonden, totdat zijn seksgeoriënteerde vriend Eli onthult dat Danielle eigenlijk een pornoster is. Matthew is zwaar geschrokken en weet niet hoe hij met de situatie om moet gaan. 
123;The Grand Budapest Hotel;2014;"[""Engels""]";99;"[""avontuur"", ""komedie"", ""misdaad""]";Wes Anderson;Ralph Fiennes, F. Murray Abraham, Mathieu Amalric & Adrien Brody;De avonturen van Gustave H, een legendarische conciërge in een beroemd hotel uit de fictieve Republiek Zubrowka tussen de Eerste en Tweede Wereldoorlog, en Zero Moustafa, de lobbyjongen die zijn meest vertrouwde vriend wordt.
124;The Great Beauty;2013;"[""Engels"", ""Italiaans"", ""Spaans"", ""Japans"", ""Mandarijn""]";141;"[""drama""]";Paolo Sorrentino;Toni Servillo, Carlo Verdone, Sabrina Ferilli & Carlo Buccirosso;Jep Gambardella verleidt zich al tientallen jaren door het weelderige nachtleven van Rome, maar na zijn 65e verjaardag en een schok uit het verleden kijkt Jep langs de nachtclubs en feesten om een tijdloos landschap van absurde, exquise schoonheid te vinden.
125;The Great Gatsby;2013;"[""Engels""]";143;"[""drama"", ""romantisch""]";Baz Luhrmann;Lisa Adam, Frank Aldridge, Amitabh Bachchan & Steve Bisley;Een schrijver en Wall Street-handelaar, Nick, voelt zich aangetrokken tot het verleden en de levensstijl van zijn miljonair, Jay Gatsby.
126;The Hangover;2009;"[""Engels""]";100;"[""komedie""]";Todd Phillips;Bradley Cooper, Ed Helms, Zach Galifianakis & Justin Bartha;Drie maatjes worden wakker van een vrijgezellenfeest in Las Vegas, zonder herinnering aan de vorige nacht en de vermiste vrijgezel. Ze banen zich een weg door de stad om hun vriend te vinden voor zijn huwelijk.
127;The Hateful Eight;2015;"[""Engels""]";187;"[""misdaad"", ""drama"", ""mystery""]";Quentin Tarantino;Samuel L. Jackson, Kurt Russell, Jennifer Jason Leigh & Walton Goggins;In het holst van een winter in Wyoming vinden een premiejager en zijn gevangene onderdak in een hut die momenteel wordt bewoond door een verzameling snode karakters.
128;The Hitchhiker's Guide to the Galaxy;2005;"[""Engels""]";109;"[""avontuur"", ""komedie"", ""sciencefiction""]";Garth Jennings;Bill Bailey, Anna Chancellor, oorlogwick Davis & Yasiin Bey;Slechts enkele seconden voordat de aarde wordt vernietigd door een buitenaards bouwteam, wordt gezel Arthur Dent van de planeet geveegd door zijn vriend Ford Prefect, een onderzoeker die een nieuwe editie van 'The Hitchhiker's Guide to the Galaxy' schrijft.
129;The Hobbit: An Unexpected Journey;2012;"[""Engels""]";169;"[""avontuur"", ""fantasy""]";Peter Jackson;Ian McKellen, Martin Freeman, Richard Armitage & Ken Stott;Een onwillige hobbit, Bilbo Baggins, vertrekt naar de Lonely Mountain met een pittige groep dwergen om hun berghuis - en het goud erin - terug te winnen van de draak Smaug.
130;The Hobbit: The Desolation of Smaug;2013;"[""Engels""]";161;"[""avontuur"", ""fantasy""]";Peter Jackson;Ian McKellen, Martin Freeman, Richard Armitage & Ken Stott;De dwergen zetten, samen met Bilbo Balings en Gandalf de Grijze, hun zoektocht voort om Erebor, hun thuisland, terug te winnen van Smaug. Bilbo Baggins is in het bezit van een mysterieuze en magische ring.
131;The Imitation Game;2014;"[""Engels""]";114;"[""biografie"", ""drama"", ""thriller""]";Morten Tyldum;Benedict Cumberbatch, Keira Knightley, Matthew Goode & Rory Kinnear;Tijdens de Tweede Wereldoorlog probeert wiskundige Alan Turing de raadselcode te kraken met hulp van collega-wiskundigen.
132;The Impossible;2012;"[""Engels""]";114;"[""drama"", ""thriller""]";J.A. Bayona;Naomi Watts, Ewan McGregor, Tom Holland & Samuel Joslin;Het verhaal van een toeristenfamilie in Thailand, gevangen in de verwoesting en chaotische nasleep van de tsunami in de Indische Oceaan in 2004.
133;The Intouchables;2011;"[""Frans""]";112;"[""biografie"", ""komedie"", ""drama"", ""animatie""]";Olivier Nakache & Eric Toledano;François Cluzet, Omar Sy, Anne Le Ny & Audrey Fleurot;Nadat hij verlamd is geraakt door een paraglidingongeval, huurt een aristocraat een jongeman van de projecten in om hem te verzorgen.
134;the kissing booth;2018;"[""Engels""]";105;"[""komedie"", ""romantisch""]";Vince Marcello;Joey King, Joel Courtney & Jacob Elordi;Elle Evans, een zestienjarig meisje, is populair en feest graag maar is nog nooit gekust. De zaken nemen een wending die Elle nooit had verwacht wanneer ze tijdens carnaval terechtkomt bij een attractie genaamd 'kissing booth'. Daar staat ze plots oog in oog met de jongen waar ze al lang verliefd op is - de broer van haar beste vriend, Noah. Elle wordt vervolgens meegesleept in een romantisch met de coolste jongen op school. 
135;the kissing booth 2;2020;"[""Engels""]";131;"[""komedie"", ""romantisch""]";Vince Marcello;Joey King, Joel Courtney & Jacob Elordi;Elle's vriendje Noah vertrekt naar Harvard om te gaan studeren. De tortelduifjes doen er alles aan om de langeafstandsrelatie te laten werken. Maar de komst van een aantrekkelijke nieuwe klasgenoot maakt het er voor Elle niet gemakkelijker op. Tot overmaat van ramp dreigt Noah ook te zwichten voor de verleidingen van het studentenleven. Zal de liefde het nieuwe schooljaar overleven? 
136;the kissing booth 3;2021;"[""Engels""]";113;"[""komedie"", ""romantisch""]";Vince Marcello;Joey King, Joel Courtney & Jacob Elordi;Elle staat voor een grote beslissing. Haar middelbareschooltijd zit erop en ze moet besluiten naar welke universiteit ze gaat. Wordt het Harvard, waar ze bij Noah kan zijn? Of kiest ze voor haar eigen favoriete school, waar toevallig ook Lee naartoe gaat?
137;The Last Samurai;2003;"[""Engels"", ""Japans""]";154;"[""actie"", ""drama"", ""historisch""]";Edoorlogd Zwick;Ken Watanabe, Tom Cruise, William Atherton & Chad Lindberg;Een Amerikaanse militaire adviseur omarmt de samoeraicultuur die hij heeft moeten vernietigen nadat hij gevangen is genomen in de strijd.
138;The Lives of Others;2006;"[""Duits""]";137;"[""drama"", ""thriller""]";Florian Henckel von Donnersmarck;Martina Gedeck, Ulrich Mühe, Sebastian Koch & Ulrich Tukur;In 1984 merkt Oost-Berlijn, een agent van de geheime politie, die toezicht houdt op een schrijver en zijn minnaar, dat hij steeds meer in beslag wordt genomen door hun leven.
139;The Lord of the Rings: The Fellowship of the Ring;2001;"[""Engels""]";178;"[""actie"", ""avontuur"", ""drama""]";Peter Jackson;Alan Hooorlogd, Noel Appleby, Sean Astin & Sala Baker;Een zachtmoedige Hobbit uit de Gouw en acht metgezellen gaan op reis om de machtige One Ring te vernietigen en Middle Earth te redden van de Dark Lord Sauron.
140;The Lord of the Rings: The Return of the King;2003;"[""Engels""]";201;"[""actie"", ""avontuur"", ""drama""]";Peter Jackson;Noel Appleby, Ali Astin, Sean Astin & David Aston;Gandalf en Aragorn leiden de World of Men tegen het leger van Sauron om zijn blik af te wenden van Frodo en Sam als ze Mount Doom naderen met de One Ring.
141;The Lord of the Rings: The Two Towers;2002;"[""Engels""]";179;"[""actie"", ""avontuur"", ""drama""]";Peter Jackson;Bruce Allpress, Sean Astin, John Bach & Sala Baker;Terwijl Frodo en Sam met de hulp van de sluwe Gollum dichter bij Mordor komen, neemt de verdeelde gemeenschap stelling tegen Saurons nieuwe bondgenoot, Saruman, en zijn hordes Isengard.
142;The Martian;2015;"[""Engels""]";144;"[""avontuur"", ""drama""]";Ridley Scott;Matt Damon, Jessica Chastain, Kristen Wiig & Jeff Daniels;Een astronaut strandt op Mars nadat zijn team hem dood heeft aangenomen, en moet op zijn vindingrijkheid vertrouwen om een manier te vinden om de aarde te laten weten dat hij leeft.
143;The Pianist;2002;"[""Engels"", ""Duits"", ""Russisch""]";150;"[""biografie"", ""drama"", ""oorlog""]";Roman Polanski;Adrien Brody, Emilia Fox, Michal Zebrowski & Ed Stoppard;Een Pools-joodse muzikant worstelt om de verwoesting van het getto van oorlogschau tijdens de Tweede Wereldoorlog te overleven.
144;The Quiet American;2002;"[""Engels""]";101;"[""drama"", ""mystery"", ""romantisch""]";Phillip Noyce;Michael Caine, Brendan Fraser, Do Thi Hai Yen & Rade Serbedzija;Een oudere Britse verslaggever wedijvert met een jonge Amerikaanse arts om de genegenheid van een mooie Vietnamese vrouw.
145;The Rum Diary;2011;"[""Engels""]";120;"[""komedie"", ""drama""]";Bruce Robinson;Johnny Depp, Aaron Eckhart, Michael Rispoli & Amber Heard;De Amerikaanse journalist Paul Kemp neemt in de jaren zestig een freelance baan aan in Puerto Rico voor een lokale krant en worstelt om een evenwicht te vinden tussen de eilandcultuur en de expats die daar wonen.
146;The Shawshank Redemption;1994;"[""Engels""]";142;"[""misdaad"", ""drama""]";Frank Darabont;Tim Robbins, Morgan Freeman, Bob Gunton & William Sadler;Twee gevangengenomen mannen hechten zich gedurende een aantal jaren aan elkaar en vinden troost en uiteindelijk verlossing door daden van normaal fatsoen.
147;The Shining;1980;"[""Engels""]";146;"[""drama"", ""horror""]";Stanley Kubrick;Jack Nicholson, Shelley Duvall, Danny Lloyd ,& Scatman Crothers;Een familie gaat naar een geïsoleerd hotel voor de winter waar een kwaadaardige en spirituele aanwezigheid de vader tot geweld aanzet, terwijl zijn helderziende zoon gruwelijke voorgevoelens uit het verleden en de toekomst ziet.
148;The siege of jadootville;2016;"[""Engels""]";108;"[""oorlog"", ""drama"", ""actie"", ""historisch"", ""thriller""]";Richie Smyth;Jamie Dornan, Mark Strong, Mikael Persbrandt, Jason O'Mara, Danny Sapani, Michael McElhatton & Guillaume Canet  ;De film speelt zich af in 1961 ten tijde van de Congo-crisis. Generaal Pat Quinlan en zijn 150 manschappen worden door Hammarskjold van de Verenigde Naties naar de stad gestuurd nadat Katanga zich heeft afgescheiden. Gedurende 6 dagen en nachten worden ze aangevallen door 3000 soldaten van de Katangese regering die worden gesteund door de Franse en Belgische huurlingen die zijn ingehuurd door de mijnbouwbedrijven.
149;The Silence of the Lambs;1991;"[""Engels""]";118;"[""misdaad"", ""drama"", ""thriller""]";Jonathan Demme;Jodie Foster, Lawrence A. Bonney, Kasi Lemmons & Lawrence T. Wrentz;Een jonge F.B.I. Cadet moet een opgesloten en manipulatieve moordenaar in vertrouwen nemen om zijn hulp te krijgen bij het vangen van een andere seriemoordenaar die zijn slachtoffers vilt.
150;The Social Network;2010;"[""Engels""]";120;"[""biografie"", ""drama""]";David Fincher;Jesse Eisenberg, Rooney Mara, Bryan Barter & Dustin Fitzsimons;Harvard-student Mark Zuckerberg maakt de sociale netwerksite die bekend zou worden als Facebook, maar wordt later aangeklaagd door twee broers die beweerden dat hij hun idee had gestolen, en de mede-oprichter die later uit het bedrijf werd geduwd.
151;The Theory of Everything;2014;"[""Engels""]";123;"[""biografie"", ""drama"", ""romantisch""]";James Marsh;Eddie Redmayne, Felicity Jones, Tom Prior & Sophie Perry;Een blik op de relatie tussen de beroemde natuurkundige Stephen Hawking en zijn vrouw.
152;The Third Man;1949;"[""Engels"", ""Duits""]";93;"[""film-noir"", ""mystery"", ""thriller"", ""oorlog""]";Carol Reed;Joseph Cotten, Alida Valli, Orson Welles & Trevor Hooorlogd;Pulp-schrijver Holly Martins reist naar het schimmige, naoorlogse Wenen, waar hij de mysterieuze dood van een oude vriend, Harry Lime, onderzoekt.
153;The Truman Show;1998;"[""Engels""]";103;"[""komedie"", ""drama"", ""sciencefiction""]";Peter Weir;Jim Carrey, Laura Linney, Noah Emmerich & Natascha McElhone;Een verzekeringsverkoper/-expert ontdekt dat zijn hele leven eigenlijk een televisieshow is.
154;The Wolf of Wall Street;2013;"[""Engels""]";180;"[""biografie"", ""komedie"", ""misdaad""]";Martin Scorsese;Leonardo DiCaprio, Jonah Hill, Margot Robbie & Matthew McConaughey;Gebaseerd op het waargebeurde verhaal van Jordan Belfort, van zijn opkomst tot een rijke effectenmakelaar die een goed leven leidde tot zijn val met misdaad, corruptie en de federale overheid.
155;To Kill a Mockingbird;1962;"[""Engels""]";129;"[""misdaad"", ""drama""]";Robert Mulligan;Gregory Peck, John Megna, Frank Overton & Rosemary Murphy;Atticus Finch, een advocaat in het zuiden van de depressieperiode, verdedigt een zoorlogte man tegen een onverdiende aanklacht van verkrachting en zijn kinderen tegen vooroordelen.
156;Troy;2004;"[""Engels""]";163;"[""avontuur""]";Wolfgang Petersen;Julian Glover, Brian Cox, Nathan Jones & Adoni Maropis;De film, een bewerking van het grote epos van Homerus, volgt de aanval op Troje door de verenigde Griekse strijdkrachten en vertelt het lot van de betrokken mannen.
157;V for Vendetta;2005;"[""Engels""]";132;"[""actie"", ""drama"", ""thriller""]";James McTeigue;Natalie Portman, Hugo Weaving, Stephen Rea & Stephen Fry;"In een toekomstige Britse tirannie beraamt een schimmige vrijheidsstrijder, alleen bekend onder de alias ""V"", een plan om het omver te werpen met de hulp van een jonge vrouw."
158;Valkyrie;2008;"[""Engels"", ""Duits""]";121;"[""drama"", ""historisch"", ""thriller"", ""muziek"", ""oorlog""]";Bryan Singer;Tom Cruise, Kenneth Branagh, Bill Nighy & Tom Wilkinson;Een dramatisering van de moordaanslag en de politieke coup van 20 juli door wanhopige afvallige Duitse legerofficieren tegen Hitler tijdens de Tweede Wereldoorlog.
159;Vertigo;1958;"[""Engels""]";128;"[""mystery"", ""romantisch"", ""thriller""]";Alfred Hitchcock;James Steoorlogt, Kim Novak, Barbara Bel Geddes & Tom Helmore;Een rechercheur uit San Francisco die lijdt aan hoogtevrees onderzoekt de vreemde activiteiten van de vrouw van een oude vriend, en raakt ondertussen gevaarlijk geobsedeerd door haar.
160;Vicky Cristina Barcelona;2008;"[""Engels"", ""Spaans""]";96;"[""drama"", ""romantisch""]";Woody Allen;Rebecca Hall, Scarlett Johansson, Christopher Evan Welch & Chris Messina;Twee vriendinnen op zomervakantie in Spanje raken verliefd op dezelfde schilder, niet wetende dat zijn ex-vrouw, met wie hij een stormachtige relatie heeft, op het punt staat opnieuw in beeld te komen.
161;WALL·E;2008;"[""Engels""]";98;"[""animatie"", ""avontuur"", ""familie""]";Andrew Stanton;Ben Burtt, Elissa Knight, Jeff Garlin & Fred Willard;In de verre toekomst begint een kleine afvalverzamelende robot per ongeluk aan een ruimtereis die uiteindelijk het lot van de mensheid zal bepalen.
162;Whiplash;2014;"[""Engels""]";107;"[""drama"", ""muziek""]";Damien Chazelle;Miles Teller, J.K. Simmons, Paul Reiser & Melissa Benoist;Een veelbelovende jonge drummer schrijft zich in op een moordend conservatorium waar zijn dromen van grootsheid worden begeleid door een instructeur die voor niets stopt om het potentieel van een student te realiseren.
